1317354879.239670991,49.04951961077,8.3965961639946,113.02558135986,0.0
1317354879.649661064,49.049539210424,8.3965908557562,113.01331329346,0.0
1317354880.069680929,49.049559712683,8.3965849427658,113.01918029785,0.0
1317354880.489717960,49.049581388213,8.3965784212118,113.0177154541,0.0
1317354880.899650096,49.049604373685,8.3965713720132,113.04014587402,0.0
1317354881.219624996,49.049623706991,8.3965654253933,112.98361206055,0.0
1317354881.529654026,49.049643917243,8.3965595142021,112.95394134521,0.0
1317354881.839612960,49.049665432026,8.3965531805666,112.87598419189,0.0
1317354882.159647941,49.049688953223,8.3965465515211,112.81271362305,0.0
1317354882.469732046,49.049713117493,8.3965396923665,112.7998046875,0.0
1317354882.779612064,49.049738530318,8.3965324124335,112.79405975342,0.0
1317354883.089576959,49.049764521439,8.3965248220025,112.79872894287,0.0
1317354883.299561023,49.049782475882,8.3965195390822,112.80415344238,0.0
1317354883.509615898,49.049800706284,8.3965141502904,112.80200958252,0.0
1317354883.719604015,49.049819203091,8.3965086672099,112.80674743652,0.0
1317354883.929575920,49.04983799012,8.3965030671569,112.80741882324,0.0
1317354884.139569997,49.049856983543,8.396497434212,112.79109954834,0.0
1317354884.339576005,49.049875216545,8.3964921798664,112.77152252197,0.0
1317354884.549599885,49.04989432039,8.3964864174944,112.76934814453,0.0
1317354884.759555101,49.049913328013,8.3964805359366,112.75188446045,0.0
1317354884.969672918,49.04993229001,8.3964745095718,112.72331237793,0.0
1317354885.179549932,49.049951369494,8.3964685327268,112.70911407471,0.0
1317354885.389530897,49.049970471695,8.3964626093759,112.68555450439,0.0
1317354885.589530944,49.049988618131,8.3964569409133,112.64977264404,0.0
1317354885.799509048,49.050007629442,8.3964509106762,112.62615203857,0.0
1317354886.009665012,49.05002665002,8.3964448807831,112.61986541748,0.0
1317354886.219512939,49.050045825864,8.39643885836,112.61040496826,0.0
1317354886.429521083,49.050065026779,8.3964329382258,112.57202911377,0.0
1317354886.639507055,49.05008423403,8.3964270985375,112.53137207031,0.0
1317354886.839589118,49.050102595751,8.3964214935464,112.50208282471,0.0
1317354887.049614906,49.050121921055,8.39641554505,112.49130249023,0.0
1317354887.259489059,49.05014120749,8.3964097481739,112.46852874756,0.0
1317354887.469645023,49.050160468424,8.3964039467295,112.4529876709,0.0
1317354887.679558992,49.050179585416,8.3963980717359,112.4440612793,0.0
1317354887.889482975,49.050198582833,8.3963921435858,112.42629241943,0.0
1317354888.089498043,49.050216596062,8.3963863965193,112.43084716797,0.0
1317354888.299508094,49.050235432035,8.3963803970231,112.42334747314,0.0
1317354888.509558916,49.050254097413,8.3963744724319,112.39733886719,0.0
1317354888.719444036,49.050272397501,8.3963686739606,112.3737487793,0.0
1317354888.929492950,49.050290148764,8.3963629863005,112.35510253906,0.0
1317354889.239500045,49.050315027165,8.3963548583421,112.33641815186,0.0
1317354889.549647092,49.050338117679,8.3963469895707,112.33184051514,0.0
1317354889.869589090,49.050359913547,8.3963391148791,112.32707214355,0.0
1317354890.179425954,49.050378793238,8.3963318761477,112.32640838623,0.0
1317354890.589430093,49.050400208645,8.3963234565602,112.33780670166,0.0
1317354891.009524106,49.050418807756,8.3963162981719,112.37061309814,0.0
1317354891.529438972,49.050438268308,8.3963102543059,112.40509033203,0.0
1317354892.059441089,49.05045648558,8.3963078783904,112.4261932373,0.0
1317354892.679374933,49.050476367405,8.3963112912613,112.44998168945,0.0
1317354893.309374094,49.050494610835,8.3963228094265,112.41887664795,0.0
1317354893.939351081,49.050510159259,8.3963437316495,112.41783905029,0.0
1317354894.459561109,49.050519798245,8.3963679907962,112.39371490479,0.0
1317354894.979481935,49.050526633574,8.3963987760904,112.40369415283,0.0
1317354895.389322996,49.050530589279,8.3964279952545,112.39837646484,0.0
1317354895.809330940,49.050534048573,8.3964625033036,112.38433074951,0.0
1317354896.119311094,49.050536823353,8.3964904838337,112.3716506958,0.0
1317354896.429306030,49.050539807646,8.396520325952,112.37026977539,0.0
1317354896.739305973,49.050542984508,8.3965515370308,112.38763427734,0.0
1317354897.059369087,49.05054617584,8.3965847509361,112.38961791992,0.0
1317354897.369410991,49.050549420927,8.3966178963431,112.37648010254,0.0
1317354897.679285049,49.050552869891,8.3966516129625,112.39365386963,0.0
1317354897.989392042,49.050556286458,8.3966854837049,112.4100112915,0.0
1317354898.309254884,49.050559593593,8.3967200785333,112.39842987061,0.0
1317354898.619259119,49.05056275887,8.3967533346588,112.44532775879,0.0
1317354898.929244041,49.050565974955,8.3967860651215,112.4514465332,0.0
1317354899.239223003,49.050569110321,8.3968183802312,112.46474456787,0.0
1317354899.559281110,49.050572224774,8.3968512719006,112.48241424561,0.0
1317354899.869374036,49.050574950316,8.3968826157274,112.49784851074,0.0
1317354900.179215908,49.050577577766,8.3969133611689,112.51992797852,0.0
1317354900.499327898,49.050580146256,8.3969433611969,112.52777862549,0.0
1317354900.809225082,49.050582533734,8.3969716396968,112.53764343262,0.0
1317354901.119256019,49.050584861789,8.3969995449223,112.54836273193,0.0
1317354901.429162025,49.050587123167,8.3970269437428,112.55773162842,0.0
1317354901.749133110,49.050589378766,8.3970548269507,112.56296539307,0.0
1317354902.159178972,49.050591708288,8.3970910237544,112.57564544678,0.0
1317354902.479320049,49.050593166078,8.3971200828412,112.59155273438,0.0
1317354902.789171934,49.050594544454,8.3971494480942,112.60106658936,0.0
1317354903.099160909,49.050595759812,8.3971796269763,112.59396362305,0.0
1317354903.409131050,49.05059706669,8.3972102113979,112.60968780518,0.0
1317354903.729150056,49.050598735089,8.3972416157171,112.85753631592,0.0
1317354904.039166927,49.050600153902,8.397272027024,113.03666687012,0.0
1317354904.349144935,49.05060141769,8.3973028920604,113.13444519043,0.0
1317354904.669109106,49.050602687839,8.3973352644175,113.20649719238,0.0
1317354904.979387044,49.050603803682,8.3973672864982,113.25453948975,0.0
1317354905.289130926,49.050604803557,8.397399939823,113.26462554932,0.0
1317354905.599109888,49.050605656185,8.3974332810131,113.27973937988,0.0
1317354905.919178009,49.050606564024,8.3974684430778,113.31211090088,0.0
1317354906.229084968,49.050607503624,8.397503054944,113.33380126953,0.0
1317354906.539124965,49.050608556349,8.3975379308766,113.34622192383,0.0
1317354906.859083890,49.050609839896,8.3975742671374,113.37965393066,0.0
1317354907.169044971,49.050611102331,8.3976096164515,113.40711212158,0.0
1317354907.479310989,49.050612344853,8.3976448743955,113.43243408203,0.0
1317354907.789052963,49.050613639442,8.397679825688,113.4535446167,0.0
1317354908.109056949,49.050615088124,8.397715425576,113.47454833984,0.0
1317354908.419037103,49.050616340975,8.3977493804633,113.50640106201,0.0
1317354908.729065895,49.050617504899,8.3977827608607,113.54441833496,0.0
1317354909.039114952,49.050618658281,8.3978155353444,113.59050750732,0.0
1317354909.359025955,49.050619675904,8.3978487221708,113.63222503662,0.0
1317354909.669011116,49.050620467579,8.3978804282237,113.67818450928,0.0
1317354909.979218006,49.050621029897,8.3979118276219,113.72952270508,0.0
1317354910.299017906,49.050621447448,8.3979440051945,113.80718231201,0.0
1317354910.608995914,49.050621774322,8.3979747690467,113.85858154297,0.0
1317354910.918993949,49.050621975028,8.3980052014035,113.92712402344,0.0
1317354911.228981971,49.050621870983,8.3980353787515,114.01882171631,0.0
1317354911.549127101,49.05062139719,8.3980661845438,114.09473419189,0.0
1317354911.859013080,49.050620210403,8.3980957830392,114.17240142822,0.0
1317354912.168961048,49.050618280999,8.3981250844105,114.25308227539,0.0
1317354912.489134073,49.050615830712,8.3981549140705,114.33310699463,0.0
1317354912.798954010,49.050613260893,8.3981832605154,114.39863586426,0.0
1317354913.108952999,49.050610787467,8.3982110841038,114.4515838623,0.0
1317354913.529006004,49.050607628393,8.3982477556476,114.53935241699,0.0
1317354913.938957929,49.050604943974,8.3982824426356,114.63126373291,0.0
1317354914.358923912,49.050602661875,8.3983169488041,114.70666503906,0.0
1317354914.778913974,49.050600962762,8.3983501984706,114.76246643066,0.0
1317354915.188954114,49.050599909476,8.398381681802,114.83367919922,0.0
1317354915.608917951,49.050599948924,8.3984131184963,114.89250946045,0.0
1317354916.029107093,49.050601816932,8.3984437293025,114.9421081543,0.0
1317354916.438916921,49.050604972883,8.3984731619755,114.99143218994,0.0
1317354916.858896970,49.050607426833,8.3985029126952,115.0193939209,0.0
1317354917.278862953,49.050608708174,8.398531966366,115.0432434082,0.0
1317354917.698880910,49.050608821438,8.3985601534892,115.06694030762,0.0
1317354918.218900918,49.050607974541,8.398593793991,115.09699249268,0.0
1317354918.738822937,49.05060689727,8.3986267509312,115.12200927734,0.0
1317354919.158813953,49.050605571236,8.3986549702151,115.13610839844,0.0
1317354919.568861007,49.050603693655,8.3986842687012,115.14959716797,0.0
1317354919.988944053,49.05060130321,8.3987154391465,115.18390655518,0.0
1317354920.408823966,49.050598463823,8.3987468705454,115.21139526367,0.0
1317354920.818806886,49.050595762758,8.3987771564515,115.23345947266,0.0
1317354921.238832950,49.050593394803,8.3988070327341,115.25570678711,0.0
1317354921.758857965,49.050591115754,8.3988401147068,115.29747772217,0.0
1317354922.278727054,49.050589946966,8.3988683427981,115.30448913574,0.0
1317354922.908744096,49.050590942191,8.3988998818099,115.31586456299,0.0
1317354923.528796911,49.050595292088,8.3989285894462,115.3349609375,0.0
1317354924.158791065,49.050604337689,8.3989570228628,115.28073120117,0.0
1317354924.678714036,49.050617049373,8.398979830152,115.25891876221,0.0
1317354925.198730945,49.050635936863,8.3990001833917,115.24813842773,0.0
1317354925.608696937,49.050655325043,8.3990134983112,115.23296356201,0.0
1317354925.928726911,49.050672848198,8.3990221816158,115.21007537842,0.0
1317354926.238676071,49.050691504561,8.3990296113706,115.16385650635,0.0
1317354926.548891067,49.050711663981,8.3990358214244,115.10966491699,0.0
1317354926.868824958,49.050733769892,8.399041160238,115.05558013916,0.0
1317354927.178668022,49.050756271045,8.3990465434947,114.99951171875,0.0
1317354927.488828897,49.050779774027,8.3990521997646,114.94375610352,0.0
1317354927.808661937,49.050804571048,8.3990582273917,114.88683319092,0.0
1317354928.118702888,49.050828639498,8.399064280496,114.82465362549,0.0
1317354928.428632974,49.050852777769,8.3990704045501,114.75003051758,0.0
1317354928.738640069,49.050877024396,8.3990764703787,114.68137359619,0.0
1317354929.058686971,49.05090209074,8.3990825177615,114.61680603027,0.0
1317354929.368784904,49.050926336419,8.3990882248193,114.54909515381,0.0
1317354929.678679943,49.05095048013,8.3990937280396,114.48420715332,0.0
1317354929.988841056,49.050974285487,8.399098969499,114.41365814209,0.0
1317354930.308640956,49.050998192264,8.3991039729555,114.34686279297,0.0
1317354930.618592023,49.051020313031,8.3991083574367,114.27926635742,0.0
1317354930.928600072,49.051041129922,8.3991122294714,114.219871521,0.0
1317354931.238636970,49.051060418446,8.3991155901595,114.18251800537,0.0
1317354931.558667898,49.051078336007,8.3991183074614,114.12630462646,0.0
1317354931.968730926,49.05109828899,8.3991210682715,114.0793838501,0.0
1317354932.498584032,49.051120491136,8.399124007508,114.04528808594,0.0
1317354933.018965959,49.051140699108,8.3991258466611,114.01406860352,0.0
1317354933.538579940,49.05115933529,8.3991242928375,113.99624633789,0.0
1317354934.158540964,49.051179367574,8.3991156960752,113.98569488525,0.0
1317354934.778517961,49.051195717007,8.3990993813359,113.97501373291,0.0
1317354935.408507108,49.051207212715,8.3990761856744,113.95178985596,0.0
1317354936.028642892,49.051212426972,8.3990486805988,113.90687561035,0.0
1317354936.658483028,49.05121308619,8.3990163720251,113.87055969238,0.0
1317354937.178469896,49.05121138041,8.3989846566199,113.83365631104,0.0
1317354937.598520994,49.05120810343,8.3989546899575,113.83461761475,0.0
1317354938.018816947,49.051203580223,8.3989207095632,113.81092834473,0.0
1317354938.328448057,49.051199703955,8.3988930511068,113.79022216797,0.0
1317354938.648526906,49.051195756579,8.3988620702055,113.77101135254,0.0
1317354938.958472013,49.051192339069,8.3988297239864,113.74863433838,0.0
1317354939.268435001,49.051189538475,8.3987952359194,113.73627471924,0.0
1317354939.578418970,49.051187400874,8.3987595893711,113.72352600098,0.0
1317354939.898418903,49.051185708062,8.3987224846982,113.70140075684,0.0
1317354940.208420038,49.051184296917,8.3986862742271,113.68032073975,0.0
1317354940.518618106,49.051182890357,8.3986497364309,113.66060638428,0.0
1317354940.828435897,49.051181615169,8.3986131446337,113.65052032471,0.0
1317354941.148499965,49.051180323192,8.398575416319,113.63821411133,0.0
1317354941.458554983,49.051179018989,8.3985388632256,113.6282119751,0.0
1317354941.768387079,49.051177685397,8.3985023140745,113.60104370117,0.0
1317354942.088375091,49.05117632955,8.3984646622914,113.58358001709,0.0
1317354942.398452043,49.051175167262,8.3984284511238,113.5647277832,0.0
1317354942.708345890,49.05117408756,8.398392488599,113.55532836914,0.0
1317354943.018656969,49.051173048834,8.3983567238572,113.54817962646,0.0
1317354943.338325023,49.051172053432,8.3983198835044,113.53314971924,0.0
1317354943.648376941,49.051171110679,8.3982838629005,113.52701568604,0.0
1317354943.958549022,49.051170236889,8.3982474303477,113.52294158936,0.0
1317354944.268311023,49.051169492023,8.398210530979,113.5220413208,0.0
1317354944.588334083,49.051168690603,8.3981719682985,113.49998474121,0.0
1317354944.898340940,49.051167866958,8.3981340988059,113.49841308594,0.0
1317354945.208292961,49.051166850855,8.3980957803845,113.49520874023,0.0
1317354945.518537998,49.051165439071,8.3980569789778,113.48882293701,0.0
1317354945.838298082,49.051163534664,8.3980164137385,113.47130584717,0.0
1317354946.148458957,49.051161604555,8.3979766093949,113.47668457031,0.0
1317354946.458513975,49.051159549302,8.3979366653964,113.47734832764,0.0
1317354946.778270006,49.051157355224,8.3978956726936,113.45474243164,0.0
1317354947.088267087,49.051155186264,8.3978560384246,113.42673492432,0.0
1317354947.398272991,49.051152949995,8.3978164203085,113.40477752686,0.0
1317354947.708256959,49.051150728677,8.3977768004261,113.39013671875,0.0
1317354948.028462886,49.051148510967,8.3977358927922,113.38473510742,0.0
1317354948.338242053,49.051146315203,8.397696296977,113.36882781982,0.0
1317354948.648261070,49.051144140458,8.3976566931434,113.35803222656,0.0
1317354948.958405017,49.051141937596,8.3976171786316,113.34078979492,0.0
1317354949.278202056,49.051139597789,8.3975764883405,113.31163024902,0.0
1317354949.588208913,49.051137396389,8.3975370527652,113.30601501465,0.0
1317354949.898216009,49.05113549087,8.3974975988785,113.29832458496,0.0
1317354950.208204984,49.051133721715,8.3974580979093,113.27396392822,0.0
1317354950.528239011,49.051132051929,8.3974172601953,113.24504852295,0.0
1317354950.838181018,49.051130576483,8.3973775081751,113.25412750244,0.0
1317354951.148221015,49.051129133132,8.3973377033159,113.24411010742,0.0
1317354951.458338022,49.051127593436,8.3972977370003,113.23377990723,0.0
1317354951.778166055,49.051126037101,8.3972564278038,113.20104217529,0.0
1317354952.088175058,49.051124501248,8.3972161676927,113.20957946777,0.0
1317354952.398139953,49.051122903741,8.3971758583043,113.19292449951,0.0
1317354952.708152055,49.051121138827,8.3971354369638,113.17993164062,0.0
1317354952.918145895,49.05111979203,8.3971079909009,113.16790008545,0.0
1317354953.128146886,49.05111832211,8.3970804468133,113.15658569336,0.0
1317354953.338150024,49.051116777111,8.3970528194745,113.15061187744,0.0
1317354953.548310041,49.051115155809,8.3970251763478,113.13800811768,0.0
1317354953.758142948,49.051113514827,8.396997530579,113.12687683105,0.0
1317354954.068186998,49.05111110959,8.3969567838185,113.11455535889,0.0
1317354954.278166055,49.05110943613,8.396929312231,113.10553741455,0.0
1317354954.488353013,49.051107711504,8.3969019631983,113.09600830078,0.0
1317354954.798103094,49.05110510243,8.3968619250339,113.08486938477,0.0
1317354955.108088016,49.051102318447,8.3968222656239,113.09866333008,0.0
1317354955.418149948,49.051099414683,8.3967830537756,113.11024475098,0.0
1317354955.738115072,49.051096312564,8.396742955581,113.09885406494,0.0
1317354956.048322916,49.051093306366,8.3967045611009,113.07173156738,0.0
1317354956.358058929,49.051090331568,8.3966670601684,113.04865264893,0.0
1317354956.668065071,49.051087329629,8.3966306052438,113.02088165283,0.0
1317354956.988219976,49.051084145039,8.3965938972731,112.99040985107,0.0
1317354957.298059940,49.051081021212,8.3965595904086,112.96632385254,0.0
1317354957.608067989,49.051077873478,8.3965270411057,112.93978118896,0.0
1317354957.918051958,49.051074988055,8.3964960771618,112.91591644287,0.0
1317354958.238100051,49.051072388157,8.3964651316435,112.9021987915,0.0
1317354958.548211097,49.051070118583,8.3964359048448,112.88813018799,0.0
1317354958.858042001,49.051068040292,8.3964076159666,112.8775100708,0.0
1317354959.178010940,49.051066044539,8.3963795635305,112.86619567871,0.0
1317354959.588025093,49.051063856564,8.396345821141,112.86012268066,0.0
1317354960.008238077,49.051062183004,8.3963146934598,112.85234832764,0.0
1317354960.428003072,49.051061023659,8.3962868646033,112.84290313721,0.0
1317354960.948107957,49.051060505067,8.3962560531085,112.82737731934,0.0
1317354961.568022966,49.051061600679,8.3962246214229,112.83352661133,0.0
1317354962.198003053,49.051065134014,8.3961963342398,112.83707427979,0.0
1317354962.827969074,49.05107190642,8.3961704632365,112.84133148193,0.0
1317354963.448163986,49.051083413759,8.3961455648074,112.84256744385,0.0
1317354963.977991104,49.051098220648,8.3961255162138,112.84505462646,0.0
1317354964.498100996,49.051118437685,8.3961081439037,112.85355377197,0.0
1317354964.907915115,49.051138216335,8.3960976741892,112.8318862915,0.0
1317354965.327891111,49.051161276161,8.39608979169,112.84385681152,0.0
1317354965.637908935,49.051179846793,8.3960847401621,112.8592376709,0.0
1317354965.948033094,49.05119953425,8.3960796222093,112.86148834229,0.0
1317354966.257852077,49.051220207214,8.3960741285899,112.87055969238,0.0
1317354966.577886104,49.051242056719,8.3960681238909,112.87916564941,0.0
1317354966.887876033,49.051263356404,8.3960620990903,112.90187072754,0.0
1317354967.197889089,49.051284872807,8.3960559885635,112.89761352539,0.0
1317354967.507941007,49.051306577721,8.3960497507442,112.90505218506,0.0
1317354967.817847967,49.051328175808,8.3960435223902,112.92060852051,0.0
1317354968.137839078,49.051350247598,8.3960368921511,112.93271636963,0.0
1317354968.447972059,49.051371364947,8.3960302945703,112.93482971191,0.0
1317354968.757826089,49.051392025445,8.3960237130873,112.93909454346,0.0
1317354969.077836990,49.051412452398,8.3960172022687,112.95413970947,0.0
1317354969.387809991,49.051430917207,8.3960112535846,112.95455932617,0.0
1317354969.797796964,49.051453072391,8.3960040119589,112.96945953369,0.0
1317354970.217804908,49.051472798928,8.3959972555669,112.97468566895,0.0
1317354970.737787008,49.051493385024,8.3959900270158,112.97601318359,0.0
1317354971.267772912,49.051513130154,8.3959846276273,112.98384094238,0.0
1317354971.787765026,49.051531937625,8.3959827132815,112.98839569092,0.0
1317354972.307770013,49.051549808499,8.3959861964425,113.00853729248,0.0
1317354972.937757968,49.051569929825,8.3959977031921,112.94527435303,0.0
1317354973.457792997,49.051585226458,8.3960139124655,112.93958282471,0.0
1317354973.977936029,49.051598435762,8.3960379545664,112.9373626709,0.0
1317354974.397713899,49.051606820237,8.3960633501387,112.93176269531,0.0
1317354974.807691097,49.05161343902,8.3960926235847,112.95863342285,0.0
1317354975.227668046,49.05161860044,8.3961267295831,112.96444702148,0.0
1317354975.537758111,49.051621676418,8.3961544373833,113.00050354004,0.0
1317354975.847889900,49.051624149926,8.3961840528051,113.00141906738,0.0
1317354976.157643079,49.051626746552,8.3962155985281,113.00269317627,0.0
1317354976.477937936,49.051629404552,8.3962492452576,113.00676727295,0.0
1317354976.787693023,49.051632083802,8.3962819218962,112.99514770508,0.0
1317354977.097656965,49.051635020377,8.3963146470078,112.9945526123,0.0
1317354977.407656908,49.051638285522,8.3963476620522,112.98867034912,0.0
1317354977.717637062,49.051641903017,8.3963806802859,113.00323486328,0.0
1317354978.037723064,49.05164567907,8.3964149639576,113.00668334961,0.0
1317354978.347755908,49.05164931059,8.3964482347196,113.01866912842,0.0
1317354978.657627105,49.051652915244,8.3964814290861,113.02729034424,0.0
1317354978.967814922,49.051656459377,8.3965144229169,113.03312683105,0.0
1317354979.287622928,49.051659944415,8.3965481906964,113.03661346436,0.0
1317354979.597650051,49.051663074277,8.3965805452083,113.01494598389,0.0
1317354979.907593011,49.051666126603,8.3966125289374,113.00360107422,0.0
1317354980.217590093,49.051669132151,8.3966441962016,113.00373840332,0.0
1317354980.537615060,49.051672119556,8.3966764929552,112.9997177124,0.0
1317354980.847716093,49.051674866975,8.3967074511511,112.98952484131,0.0
1317354981.157639980,49.051677702212,8.3967381098955,112.98178863525,0.0
1317354981.467607021,49.05168055125,8.3967684122411,112.96505737305,0.0
1317354981.787571907,49.051683363658,8.3967994150005,112.96332550049,0.0
1317354982.097493886,49.051686004108,8.3968288605037,112.94229888916,0.0
1317354982.407545089,49.051688710825,8.3968579815245,112.98773193359,0.0
1317354982.717601060,49.051691440063,8.396886621216,112.99649810791,0.0
1317354983.037615060,49.051694340966,8.3969157328697,112.99639129639,0.0
1317354983.347578048,49.051696954091,8.3969434795711,113.00796508789,0.0
1317354983.657514095,49.051699450041,8.3969706713814,113.01778411865,0.0
1317354984.077547073,49.051702806186,8.397006452691,113.02105712891,0.0
1317354984.487701892,49.051706054294,8.3970407239988,113.03638458252,0.0
1317354984.907504081,49.051709116054,8.3970751835632,113.04722595215,0.0
1317354985.327488899,49.051711853152,8.397109696905,113.04965209961,0.0
1317354985.747486114,49.051714195689,8.3971460018326,113.06453704834,0.0
1317354986.057516098,49.051715727824,8.3971741977294,113.07173156738,0.0
1317354986.367619991,49.051716947269,8.397203748343,113.08484649658,0.0
1317354986.677500009,49.051717920498,8.3972348860159,113.08986663818,0.0
1317354986.997580051,49.051718683125,8.3972688880865,113.10498809814,0.0
1317354987.307461023,49.051719329797,8.3973035270867,113.08414459229,0.0
1317354987.617456912,49.051719981889,8.3973398050276,113.07255554199,0.0
1317354987.927447080,49.051720764214,8.3973775968742,113.07553100586,0.0
1317354988.247416019,49.051722067217,8.3974179649049,113.07305145264,0.0
1317354988.557502031,49.051723781968,8.3974581661267,113.07244873047,0.0
1317354988.767411947,49.05172515377,8.397485649683,113.06083679199,0.0
1317354989.077500104,49.051727304342,8.3975264786466,113.09387969971,0.0
1317354989.287380933,49.051728757208,8.3975542477248,113.10187530518,0.0
1317354989.597387075,49.051731037057,8.3975950882113,113.09731292725,0.0
1317354989.807431936,49.051732607689,8.3976226746968,113.0991973877,0.0
1317354990.017713069,49.051734235828,8.3976502257821,113.10536193848,0.0
1317354990.327374935,49.051736733696,8.3976906061338,113.12189483643,0.0
1317354990.637434005,49.051739412329,8.3977306504712,113.14466094971,0.0
1317354990.947480916,49.051742324541,8.3977702444748,113.15515136719,0.0
1317354991.267379045,49.051745475776,8.3978106773048,113.14561462402,0.0
1317354991.577364921,49.051748368717,8.3978493521279,113.14656829834,0.0
1317354991.887391090,49.051751269189,8.397887604316,113.16939544678,0.0
1317354992.197406053,49.051754000975,8.397925504006,113.17195892334,0.0
1317354992.517534017,49.051756509028,8.3979644759867,113.17436218262,0.0
1317354992.827346086,49.051758569374,8.3980022652424,113.16960906982,0.0
1317354993.137353897,49.051760221296,8.3980401294334,113.16622161865,0.0
1317354993.447551012,49.051761173598,8.3980781767732,113.15288543701,0.0
1317354993.767316102,49.051761390957,8.3981176374871,113.13483428955,0.0
1317354994.077356100,49.051760842077,8.3981561066104,113.13060760498,0.0
1317354994.387307882,49.05175941616,8.3981946734674,113.1296005249,0.0
1317354994.697345018,49.051757462409,8.3982332985808,113.14935302734,0.0
1317354995.007505893,49.051755455213,8.3982718659286,113.17107391357,0.0
1317354995.327279090,49.051753765194,8.3983116433473,113.18406677246,0.0
1317354995.637284040,49.051752708939,8.3983499966214,113.1653213501,0.0
1317354995.947336912,49.051752188007,8.3983881519107,113.1828994751,0.0
1317354996.257250070,49.051752071757,8.3984258191321,113.18645477295,0.0
1317354996.577260017,49.051752225722,8.3984635115242,113.20235443115,0.0
1317354996.887244939,49.051752575319,8.3984980251075,113.23387145996,0.0
1317354997.197254896,49.051752968633,8.398531501007,113.21809387207,0.0
1317354997.507287979,49.051753376569,8.3985647388877,113.23262786865,0.0
1317354997.827234983,49.051753658565,8.3985987549458,113.25154876709,0.0
1317354998.137236118,49.0517538236,8.3986313058896,113.22737121582,0.0
1317354998.447442054,49.051754032354,8.3986635421324,113.2424621582,0.0
1317354998.757216930,49.051754472396,8.3986953562608,113.24480438232,0.0
1317354999.077219009,49.0517551323,8.3987277807325,113.2425994873,0.0
1317354999.387213945,49.051756018028,8.3987590120699,113.2465133667,0.0
1317354999.697231054,49.051756998808,8.3987893583428,113.22220611572,0.0
1317355000.007231950,49.051757927327,8.3988176582574,113.23163604736,0.0
1317355000.427182912,49.051758962135,8.3988516043911,113.23553466797,0.0
1317355000.847285985,49.051759674774,8.3988799623237,113.23503875732,0.0
1317355001.367306947,49.051760274868,8.3989113447497,113.24876403809,0.0
1317355001.887155055,49.05176036345,8.3989390592301,113.27388000488,0.0
1317355002.617141962,49.051759720399,8.3989697610136,113.27151489258,0.0
1317355003.347141027,49.051758483531,8.3989987560588,113.25672912598,0.0
1317355004.077181100,49.051755592265,8.3990301306494,113.25581359863,0.0
1317355004.707108974,49.051750047469,8.3990615591852,113.26320648193,0.0
1317355005.227072000,49.051741426126,8.3990899955038,113.27561187744,0.0
1317355005.647099971,49.051731078255,8.3991133570642,113.28703308105,0.0
1317355006.057147979,49.051717845667,8.399135187835,113.29741668701,0.0
1317355006.477196931,49.051701185204,8.399155853285,113.3236541748,0.0
1317355006.897042989,49.051681341602,8.3991735747256,113.3500213623,0.0
1317355007.307044029,49.051659356325,8.3991865683495,113.34568786621,0.0
1317355007.627012014,49.051640767038,8.3991933453991,113.35377502441,0.0
1317355007.937031030,49.05162170876,8.3991971858231,113.40368652344,0.0
1317355008.247138977,49.051601906051,8.399198833347,113.43965911865,0.0
1317355008.557049989,49.051581430725,8.3991986431235,113.46968841553,0.0
1317355008.877074003,49.051559694412,8.3991965312867,113.46537017822,0.0
1317355009.186976909,49.051538159561,8.3991926727598,113.44002532959,0.0
1317355009.497179985,49.051516197741,8.3991874230153,113.46994781494,0.0
1317355009.806999921,49.051493998251,8.3991814711981,113.49259185791,0.0
1317355010.117007017,49.051471608442,8.3991751356612,113.52266693115,0.0
1317355010.437016963,49.051448478257,8.3991685843339,113.56484222412,0.0
1317355010.746989011,49.051426223485,8.3991628392124,113.60224151611,0.0
1317355011.056996107,49.051404233493,8.3991578374341,113.63407897949,0.0
1317355011.367104053,49.051382973065,8.3991536772806,113.66735839844,0.0
1317355011.686955928,49.051362424321,8.3991501243232,113.70328521729,0.0
1317355011.997186899,49.051343991876,8.3991470539145,113.72864532471,0.0
1317355012.416939973,49.051321020373,8.399143111537,113.76246643066,0.0
1317355012.826967954,49.051300533918,8.3991390287906,113.79340362549,0.0
1317355013.247062921,49.051280748235,8.3991337291136,113.82221221924,0.0
1317355013.666913032,49.05126264235,8.3991261903714,113.84396362305,0.0
1317355014.086935043,49.051246217778,8.3991147756955,113.86891174316,0.0
1317355014.606921911,49.051228959611,8.399095052705,113.90145111084,0.0
1317355015.126898050,49.051215677685,8.3990691157057,113.90975189209,0.0
1317355015.547043085,49.051207941572,8.3990435650447,113.90005493164,0.0
1317355015.966976881,49.051202532525,8.3990143330224,113.88227844238,0.0
1317355016.376848936,49.05119872499,8.3989825732578,113.84172821045,0.0
1317355016.796894073,49.051195841204,8.3989466696368,113.82936859131,0.0
1317355017.106832027,49.051194290021,8.3989181552719,113.81076812744,0.0
1317355017.416834115,49.051192749438,8.3988880118769,113.79317474365,0.0
1317355017.726845979,49.051191171424,8.3988563110279,113.77620697021,0.0
1317355018.036890029,49.051189619654,8.398823066589,113.75828552246,0.0
1317355018.356883049,49.051188020027,8.3987871818456,113.73861694336,0.0
1317355018.666780948,49.051186575667,8.3987509651533,113.71656036377,0.0
1317355018.976952075,49.051185349801,8.3987135371181,113.69853210449,0.0
1317355019.286807060,49.051184171253,8.3986752698515,113.67851257324,0.0
1317355019.606796979,49.051182866817,8.3986352855847,113.6583404541,0.0
1317355019.916826963,49.051181541198,8.3985964920051,113.63940429688,0.0
1317355020.226764917,49.051180143378,8.3985577538842,113.6236114502,0.0
1317355020.536819934,49.051178823598,8.3985191930402,113.60859680176,0.0
1317355020.856772899,49.051177547512,8.3984796733415,113.58637237549,0.0
1317355021.166745901,49.051176358052,8.3984416182767,113.56206512451,0.0
1317355021.476983070,49.051175200713,8.3984037767623,113.53963470459,0.0
1317355021.786783933,49.051174045672,8.3983659794264,113.52366638184,0.0
1317355022.106754064,49.051172864177,8.3983268604472,113.50592041016,0.0
1317355022.416754961,49.051171803222,8.398288759413,113.49057769775,0.0
1317355022.726746082,49.051170923509,8.3982503654297,113.48155975342,0.0
1317355023.036808967,49.051170207336,8.3982115933653,113.46920013428,0.0
1317355023.356718063,49.051169409316,8.3981711343635,113.44278717041,0.0
1317355023.666714906,49.051168490458,8.3981313240361,113.44013214111,0.0
1317355023.976900100,49.051167222184,8.3980908096587,113.4280166626,0.0
1317355024.186682939,49.051166064602,8.3980629589523,113.42004394531,0.0
1317355024.396687984,49.0511647127,8.3980348161502,113.40374755859,0.0
1317355024.606797933,49.051163278763,8.398006384974,113.3984375,0.0
1317355024.816642045,49.051161829089,8.3979775993281,113.4088973999,0.0
1317355025.017031908,49.051160398612,8.3979498984506,113.41664123535,0.0
1317355025.226675987,49.051158831704,8.3979206368916,113.40925598145,0.0
1317355025.436717987,49.051157231212,8.3978912345948,113.39602661133,0.0
1317355025.646814107,49.051155603155,8.3978617900396,113.38031768799,0.0
1317355025.856734991,49.05115400303,8.3978323052984,113.36903381348,0.0
1317355026.066708087,49.05115244994,8.3978028431449,113.36219024658,0.0
1317355026.266654968,49.051150988121,8.3977748163228,113.35283660889,0.0
1317355026.476836919,49.051149453965,8.3977453700479,113.34456634521,0.0
1317355026.686646938,49.051147933118,8.3977159523472,113.33626556396,0.0
1317355026.896639108,49.051146394606,8.3976865432519,113.32872772217,0.0
1317355027.106637001,49.05114482358,8.3976571413446,113.32163238525,0.0
1317355027.316667079,49.051143249694,8.3976277604974,113.30955505371,0.0
1317355027.516851902,49.051141708148,8.3975997558806,113.2992401123,0.0
1317355027.726604938,49.051140155777,8.3975703546265,113.28401947021,0.0
1317355027.936609029,49.051138742474,8.3975408064282,113.28984069824,0.0
1317355028.146775960,49.051137524918,8.3975111173263,113.296875,0.0
1317355028.356604099,49.051136445372,8.3974813398805,113.29547119141,0.0
1317355028.566637039,49.05113547647,8.3974514577147,113.28325653076,0.0
1317355028.766582012,49.051134641512,8.397422914412,113.26940917969,0.0
1317355028.976805925,49.051133823246,8.3973928253561,113.26796722412,0.0
1317355029.186603069,49.051133038444,8.3973625869113,113.27281188965,0.0
1317355029.396646976,49.051132216742,8.3973322071655,113.2681427002,0.0
1317355029.606600046,49.051131318315,8.3973015900419,113.2599029541,0.0
1317355029.816596984,49.051130311128,8.3972708715215,113.22704315186,0.0
1317355030.016814947,49.051129200674,8.3972413997514,113.21051025391,0.0
1317355030.226526975,49.051127879095,8.3972101924208,113.20722961426,0.0
1317355030.436564922,49.051126405376,8.3971787933407,113.190574646,0.0
1317355030.646599054,49.051124849996,8.3971471609734,113.17707824707,0.0
1317355030.856579065,49.05112320996,8.3971152892177,113.1566696167,0.0
1317355031.056621074,49.051121527038,8.3970847565455,113.13962554932,0.0
1317355031.266549110,49.051119655345,8.3970525715773,113.12686157227,0.0
1317355031.476603984,49.051117696914,8.3970204462178,113.10342407227,0.0
1317355031.686522006,49.051115631017,8.3969884316167,113.08470916748,0.0
1317355031.896537065,49.051113512187,8.3969565346732,113.07130432129,0.0
1317355032.106506109,49.051111365449,8.3969247718233,113.05933380127,0.0
1317355032.306579113,49.051109277141,8.3968946431756,113.04547119141,0.0
1317355032.516737937,49.051107052731,8.3968632038623,113.03265380859,0.0
1317355032.726536035,49.051104820779,8.3968319808016,113.03458404541,0.0
1317355032.936579942,49.051102579141,8.3968009717804,113.04764556885,0.0
1317355033.146696090,49.051100241819,8.3967703423659,113.04592132568,0.0
1317355033.356561899,49.051097868078,8.396740161784,113.04180145264,0.0
1317355033.556545972,49.051095588065,8.3967120409147,113.03099822998,0.0
1317355033.766504049,49.051093202853,8.3966832502608,113.01876831055,0.0
1317355033.976680040,49.051090860154,8.3966553375733,113.00836181641,0.0
1317355034.286513090,49.051087385609,8.3966157754823,112.98770141602,0.0
1317355034.606502056,49.051083900132,8.3965769657949,112.97123718262,0.0
1317355034.916534900,49.051080603955,8.3965414332713,112.96058654785,0.0
1317355035.226464033,49.051077577603,8.3965077173211,112.95457458496,0.0
1317355035.514472961,49.05107576526673,8.39647864754613,112.953000386558,0.0
1317355035.838505029,49.05107500659294,8.39644829050181,112.95839436849201,0.0
1317355036.162537097,49.05107424791913,8.39641793345749,112.963788350426,0.0
1317355036.486568927,49.05107348924534,8.39638757641317,112.96918233236,0.0
1317355036.810600996,49.05107273057153,8.39635721936884,112.974576314294,0.0
1317355037.206423997,49.051072191814,8.3963227688707,112.97698974609,0.0
1317355037.626421928,49.05107187365,8.3962927590963,112.97680664062,0.0
1317355038.146464109,49.051071077397,8.3962629325214,112.96035766602,0.0
1317355038.876450061,49.051069920757,8.3962351458005,112.95970153809,0.0
1317355039.916373968,49.051068655277,8.3962073806242,112.96723175049,0.0
1317355040.956389904,49.051066535144,8.3961769198664,112.95071411133,0.0
1317355041.586325883,49.051063978605,8.3961475085116,112.93650817871,0.0
1317355042.106329917,49.051061111372,8.3961147957493,112.95752716064,0.0
1317355042.526349067,49.051058667246,8.3960836177823,112.94439697266,0.0
1317355042.936331033,49.051055763763,8.3960488930132,112.90851593018,0.0
1317355043.256295919,49.051052987583,8.3960192973211,112.87426757812,0.0
1317355043.566310882,49.051050069078,8.3959883469282,112.89032745361,0.0
1317355043.876305103,49.051046861978,8.395955441358,112.89562225342,0.0
1317355044.186300039,49.05104332439,8.3959206827434,112.91582489014,0.0
1317355044.506339073,49.051039494445,8.3958832554551,112.93605041504,0.0
1317355044.816292047,49.051035611676,8.3958455730601,112.94003295898,0.0
1317355045.126261949,49.051031781659,8.3958064647205,112.94920349121,0.0
1317355045.436273097,49.051028016583,8.3957662882106,112.95100402832,0.0
1317355045.646321058,49.051025506117,8.395738600477,112.95342254639,0.0
1317355045.856302022,49.051022974104,8.3957105734981,112.95941162109,0.0
1317355046.066287994,49.051020357873,8.3956822564639,112.96453857422,0.0
1317355046.276223897,49.051017705829,8.3956536472696,112.96943664551,0.0
1317355046.486315965,49.051014991069,8.3956248440452,112.98056030273,0.0
1317355046.696250915,49.05101228004,8.3955958304776,112.98056030273,0.0
1317355046.896228075,49.051009706203,8.3955681113772,112.98368835449,0.0
1317355047.106213092,49.051006964868,8.3955390089321,112.98033905029,0.0
1317355047.316216945,49.051004219552,8.3955099670539,112.98194885254,0.0
1317355047.526243925,49.051001490208,8.3954808650448,112.99331665039,0.0
1317355047.736253023,49.050998737494,8.3954517766289,112.97901916504,0.0
1317355047.936220884,49.050996109639,8.3954241388412,112.94662475586,0.0
1317355048.146250009,49.05099336815,8.3953950156968,112.93703460693,0.0
1317355048.356262922,49.050990647517,8.395365819904,112.9409942627,0.0
1317355048.566289901,49.050987954852,8.3953365969297,112.94236755371,0.0
1317355048.776213884,49.050985248606,8.3953073778318,112.94651794434,0.0
1317355048.986318111,49.050982519473,8.3952781059338,112.96170806885,0.0
1317355049.196244955,49.050979716022,8.3952488246874,112.96173858643,0.0
1317355049.396188974,49.050976982014,8.3952209159712,112.95373535156,0.0
1317355049.606188058,49.05097406536,8.3951915092483,112.96812438965,0.0
1317355049.816200017,49.050971204133,8.3951620555576,112.97470855713,0.0
1317355050.026160955,49.050968263827,8.3951326051277,112.97422027588,0.0
1317355050.236190080,49.050965208838,8.3951031207795,112.98461914062,0.0
1317355050.446348905,49.050962120024,8.3950735959106,112.9921875,0.0
1317355050.646148920,49.050959065066,8.3950455124275,113.00830841064,0.0
1317355050.856152057,49.05095573876,8.395016004911,113.02849578857,0.0
1317355051.066163063,49.050952284261,8.3949864251043,113.0668258667,0.0
1317355051.276119947,49.050948711145,8.3949568141014,113.091796875,0.0
1317355051.486239910,49.050945057048,8.3949272154436,113.09701538086,0.0
1317355051.686152935,49.050941468508,8.3948989974936,113.12162780762,0.0
1317355051.896135091,49.050937562112,8.3948693100981,113.15520477295,0.0
1317355052.106137990,49.050933503845,8.3948396593908,113.17328643799,0.0
1317355052.316175937,49.050929344079,8.3948099770104,113.1937713623,0.0
1317355052.526166915,49.050925073635,8.3947802714926,113.21329498291,0.0
1317355052.736135959,49.050920688934,8.3947505571788,113.23792266846,0.0
1317355052.936137914,49.050916495348,8.39472222167,113.26123809814,0.0
1317355053.146286964,49.050912032589,8.394692409642,113.29441070557,0.0
1317355053.356122970,49.050907462846,8.3946625935208,113.30863952637,0.0
1317355053.566153049,49.050902859724,8.3946326924657,113.33620452881,0.0
1317355053.776072978,49.050898220373,8.3946027433168,113.36700439453,0.0
1317355053.986347913,49.050893574019,8.3945726851293,113.40386962891,0.0
1317355054.186081886,49.050889149429,8.3945440066505,113.42900848389,0.0
1317355054.396074056,49.050884464984,8.3945138469472,113.46100616455,0.0
1317355054.606079101,49.050879758814,8.3944835768046,113.50605010986,0.0
1317355054.816067934,49.05087505248,8.3944532101772,113.53981781006,0.0
1317355055.026266098,49.050870305163,8.3944227707865,113.56393432617,0.0
1317355055.236073017,49.050865503477,8.3943922796351,113.59127807617,0.0
1317355055.436098098,49.050860923303,8.394363177317,113.62673187256,0.0
1317355055.646245956,49.050856085517,8.3943325562318,113.66027832031,0.0
1317355055.856034040,49.050851299258,8.3943018605121,113.68737792969,0.0
1317355056.066096067,49.050846509205,8.3942711810636,113.71772003174,0.0
1317355056.276066064,49.050841632062,8.3942404958597,113.75588226318,0.0
1317355056.476161956,49.050837013652,8.3942113050923,113.78578186035,0.0
1317355056.686033010,49.050832192628,8.3941806774482,113.81395721436,0.0
1317355056.896023035,49.050827310487,8.3941501432815,113.84288787842,0.0
1317355057.106026887,49.050822393226,8.3941196641965,113.87158966064,0.0
1317355057.316029071,49.050817498371,8.394089230904,113.90103912354,0.0
1317355057.526076078,49.05081260267,8.3940590496846,113.90336608887,0.0
1317355057.726018905,49.050807947317,8.3940304548252,113.9331741333,0.0
1317355057.936002016,49.050803135663,8.3940005163603,113.97994995117,0.0
1317355058.146025896,49.050798384028,8.3939708490198,113.98741149902,0.0
1317355058.356014013,49.050793696239,8.3939415534258,113.99362182617,0.0
1317355058.566014051,49.050789115368,8.3939123712928,114.0389251709,0.0
1317355058.775979995,49.050784516614,8.3938835103758,114.05905914307,0.0
1317355058.976150989,49.050780099841,8.3938566425929,114.03888702393,0.0
1317355059.185961008,49.05077557315,8.3938288371533,114.05308532715,0.0
1317355059.396043062,49.050771080905,8.3938012515278,114.10094451904,0.0
1317355059.605978965,49.050766630483,8.3937740780069,114.11503601074,0.0
1317355059.816011905,49.050762272993,8.3937472822222,114.11290740967,0.0
1317355060.125948905,49.050755895007,8.3937083423129,114.11046600342,0.0
1317355060.435985088,49.050749613909,8.3936700847706,114.12188720703,0.0
1317355060.746105909,49.050743574497,8.3936325037369,114.15612792969,0.0
1317355061.065994024,49.050737441199,8.3935945127377,114.18785095215,0.0
1317355061.375931978,49.050731420318,8.3935583657828,114.22406768799,0.0
1317355061.685935974,49.050725331227,8.3935227863948,114.25601196289,0.0
1317355061.996130943,49.050718949538,8.3934878797537,114.2847366333,0.0
1317355062.315916061,49.050711943446,8.3934525942811,114.32704162598,0.0
1317355062.625938892,49.05070477401,8.3934192925205,114.35000610352,0.0
1317355062.935914993,49.050697446217,8.3933865748025,114.38990020752,0.0
1317355063.246007919,49.050690213177,8.3933546005334,114.42192077637,0.0
1317355063.565954923,49.050683140799,8.3933228229712,114.43063354492,0.0
1317355063.875899076,49.050677158242,8.3932930233002,114.45121765137,0.0
1317355064.185894966,49.050672259549,8.3932641425496,114.46886444092,0.0
1317355064.505916118,49.050668104625,8.3932354328679,114.48623657227,0.0
1317355064.915966987,49.050664316847,8.3932001704636,114.49759674072,0.0
1317355065.335905075,49.050662115412,8.3931664148685,114.51721954346,0.0
1317355065.755903959,49.050661245514,8.3931350000547,114.54964447021,0.0
1317355066.165837049,49.05066137173,8.3931067667103,114.56497192383,0.0
1317355066.685869932,49.050661718829,8.3930743923414,114.57973480225,0.0
1317355067.205813884,49.05066125442,8.3930467767561,114.58457183838,0.0
1317355067.835834026,49.050658450015,8.3930192067718,114.59378814697,0.0
1317355068.555974960,49.050651391811,8.3929929942026,114.60636138916,0.0
1317355069.395771980,49.050638756576,8.3929689213506,114.63320159912,0.0
1317355070.125768899,49.050624927376,8.3929507572865,114.64497375488,0.0
1317355070.855766057,49.050608537528,8.3929342726186,114.6594543457,0.0
1317355071.475805044,49.0505912266,8.3929227150433,114.66247558594,0.0
1317355071.995918035,49.0505725468,8.3929157081143,114.65602874756,0.0
1317355072.415723085,49.050553928894,8.3929125021288,114.66416931152,0.0
1317355072.835796117,49.05053181066,8.3929101221694,114.66764068604,0.0
1317355073.145709991,49.050512960738,8.3929097589297,114.66714477539,0.0
1317355073.455938100,49.050492063715,8.3929108224817,114.64954376221,0.0
1317355073.775676965,49.05046848558,8.3929132035882,114.63714599609,0.0
1317355074.085690021,49.050443806844,8.3929162028419,114.62287139893,0.0
1317355074.395733118,49.050417290888,8.3929195665565,114.60934448242,0.0
1317355074.605669021,49.050398270483,8.3929221263361,114.594871521,0.0
1317355074.815670967,49.050378404674,8.3929249566742,114.57482147217,0.0
1317355075.025875091,49.050357673522,8.3929280629128,114.57508087158,0.0
1317355075.235717058,49.050336414782,8.3929312641264,114.57987213135,0.0
1317355075.435652971,49.050316141931,8.3929343615122,114.57308959961,0.0
1317355075.645802021,49.050294958737,8.3929377733431,114.55703735352,0.0
1317355075.855649948,49.05027379226,8.3929413623455,114.54991912842,0.0
1317355076.065690040,49.05025262094,8.3929451526858,114.5334854126,0.0
1317355076.275629997,49.050231443259,8.3929489860773,114.52075958252,0.0
1317355076.485737085,49.050210277365,8.3929529732457,114.51042175293,0.0
1317355076.685616970,49.050190193066,8.3929569669915,114.49822998047,0.0
1317355076.895603895,49.050169194084,8.3929612407899,114.48091125488,0.0
1317355077.105627059,49.05014828243,8.3929655530062,114.46515655518,0.0
1317355077.315587043,49.050127466776,8.3929698467828,114.45330047607,0.0
1317355077.525800943,49.050106716458,8.3929741897129,114.44073486328,0.0
1317355077.735594034,49.05008608216,8.3929786250141,114.41956329346,0.0
1317355077.935607910,49.050066528848,8.3929829412584,114.40579986572,0.0
1317355078.145637989,49.050046112475,8.3929875632679,114.38893890381,0.0
1317355078.355624914,49.050025798056,8.3929922801394,114.37590789795,0.0
1317355078.565623044,49.050005575973,8.3929970516954,114.37260437012,0.0
1317355078.775585889,49.049985484743,8.3930017942687,114.35926818848,0.0
1317355078.975796937,49.049966462207,8.393006264137,114.35025787354,0.0
1317355079.185580968,49.04994657531,8.3930108189129,114.35649871826,0.0
1317355079.395566940,49.049926799946,8.3930149938092,114.35508728027,0.0
1317355079.605626106,49.049907074602,8.39301889752,114.36195373535,0.0
1317355079.815571069,49.049887379127,8.393022761486,114.35466766357,0.0
1317355080.025739908,49.04986774402,8.3930265843157,114.31994628906,0.0
1317355080.225532054,49.049849063248,8.3930300091937,114.28686523438,0.0
1317355080.435597896,49.049829392623,8.3930335610956,114.27799224854,0.0
1317355080.645566940,49.049809697021,8.3930371917043,114.26455688477,0.0
1317355080.855559110,49.049790091876,8.3930408340235,114.2370223999,0.0
1317355081.065599918,49.049770521092,8.3930443479525,114.20582580566,0.0
1317355081.275543928,49.049751061864,8.3930478986541,114.18255615234,0.0
1317355081.475745916,49.049732604247,8.3930513723389,114.16445159912,0.0
1317355081.685523986,49.049713310783,8.393055122922,114.14002990723,0.0
1317355081.895529985,49.049694127552,8.3930589370588,114.1139831543,0.0
1317355082.105521917,49.049675038162,8.3930628497677,114.09381866455,0.0
1317355082.315567016,49.049656044035,8.3930668483173,114.07743835449,0.0
1317355082.525599956,49.049637139654,8.3930708908011,114.06047058105,0.0
1317355082.725684881,49.049619219393,8.3930747822193,114.04010772705,0.0
1317355082.935503005,49.049600503858,8.3930788125524,114.01884460449,0.0
1317355083.145551919,49.049581867854,8.3930828001156,113.99992370605,0.0
1317355083.355499029,49.049563320329,8.3930866539196,113.98221588135,0.0
1317355083.565490007,49.049544841645,8.3930903246138,113.96125030518,0.0
1317355083.775499105,49.04952642819,8.3930937990592,113.94273376465,0.0
1317355083.985697031,49.049508114066,8.3930971146695,113.92781829834,0.0
1317355084.295485019,49.049481212812,8.3931017891029,113.90883636475,0.0
1317355084.505516052,49.049463126758,8.3931048353187,113.89643096924,0.0
1317355084.815443992,49.049436607045,8.3931092928582,113.8794631958,0.0
1317355085.125458955,49.049410403204,8.3931139817807,113.86255645752,0.0
1317355085.435534954,49.049384534982,8.3931195778244,113.85174560547,0.0
1317355085.745580911,49.04935903045,8.3931263405529,113.82986450195,0.0
1317355086.065475940,49.049333096105,8.3931346391985,113.80366516113,0.0
1317355086.375413894,49.049308396973,8.3931444065824,113.77082061768,0.0
1317355086.685444116,49.049284151839,8.3931564622789,113.73673248291,0.0
1317355086.995558977,49.049260302947,8.3931708441486,113.69882202148,0.0
1317355087.305404901,49.049236916449,8.3931877774308,113.66533660889,0.0
1317355087.625421047,49.049213342819,8.3932081642567,113.63600921631,0.0
1317355087.935379028,49.049191187223,8.3932307442494,113.58485412598,0.0
1317355088.145420074,49.049176620472,8.3932476908858,113.55229187012,0.0
1317355088.355365037,49.04916240552,8.393265793391,113.50282287598,0.0
1317355088.665380954,49.049141934457,8.3932946229859,113.46717834473,0.0
1317355088.875395059,49.049128368694,8.393315394322,113.44247436523,0.0
1317355089.075372934,49.049115521901,8.3933357939029,113.41938018799,0.0
1317355089.285356998,49.04910198233,8.3933576427326,113.40327453613,0.0
1317355089.495522022,49.049088362936,8.3933799204108,113.39228820801,0.0
1317355089.705348968,49.049074666901,8.3934025093494,113.38404083252,0.0
1317355089.915338993,49.049060931813,8.3934252265552,113.37602996826,0.0
1317355090.125356912,49.049047151004,8.3934478853487,113.37005615234,0.0
1317355090.335355997,49.049033254513,8.3934702942224,113.37107086182,0.0
1317355090.535387992,49.049019882551,8.3934913048612,113.36753845215,0.0
1317355090.745418071,49.049005708308,8.3935129510753,113.36123657227,0.0
1317355090.955579042,49.048991352735,8.3935341228966,113.35569000244,0.0
1317355091.165344953,49.048976814326,8.3935547356912,113.34901428223,0.0
1317355091.375334978,49.048962198772,8.3935749455485,113.33749389648,0.0
1317355091.585345983,49.048947650478,8.3935949360811,113.33069610596,0.0
1317355091.785315990,49.048933855223,8.3936137255407,113.32324981689,0.0
1317355091.995397090,49.048919426464,8.3936332106177,113.31726837158,0.0
1317355092.205317020,49.048905126001,8.3936524930022,113.30855560303,0.0
1317355092.415307044,49.048890911126,8.393671592224,113.30274963379,0.0
1317355092.625322103,49.048876848452,8.3936904504652,113.29865264893,0.0
1317355092.935301065,49.04885659181,8.3937176301098,113.28769683838,0.0
1317355093.245349884,49.048837681859,8.3937431580279,113.27718353271,0.0
1317355093.555330038,49.048820589971,8.3937669019072,113.2677230835,0.0
1317355093.865423917,49.048805419188,8.39378903583,113.26598358154,0.0
1317355094.185261964,49.048791732717,8.3938098842697,113.25466156006,0.0
1317355094.595253944,49.04877658067,8.3938339552285,113.24983978271,0.0
1317355095.015544891,49.048763283828,8.3938566769509,113.2366027832,0.0
1317355095.435229063,49.04875201218,8.3938781641049,113.23673248291,0.0
1317355095.955357074,49.048741554549,8.3939020432931,113.25095367432,0.0
1317355096.675236940,49.048733617853,8.3939281880143,113.25523376465,0.0
1317355097.515403032,49.048729119819,8.3939572677681,113.27931213379,0.0
1317355098.245234966,49.048728683585,8.3939885035023,113.3046875,0.0
1317355098.765177011,49.04873176747,8.3940164488546,113.32138824463,0.0
1317355099.175198078,49.048736979515,8.394042775112,113.33387756348,0.0
1317355099.595246076,49.0487452533,8.3940734989002,113.32109069824,0.0
1317355099.905154943,49.048753527548,8.3940982297483,113.31874084473,0.0
1317355100.225159883,49.048764319702,8.3941247962409,113.27942657471,0.0
1317355100.535176038,49.048777288599,8.394151026766,113.27160644531,0.0
1317355100.845191001,49.048792501604,8.3941777006981,113.26891326904,0.0
1317355101.155196905,49.048809528551,8.3942050761142,113.24942779541,0.0
1317355101.475301980,49.048828180937,8.3942345044926,113.23474121094,0.0
1317355101.685266017,49.048840821146,8.3942546308811,113.22789001465,0.0
1317355101.895117044,49.048853842195,8.3942754208871,113.23048400879,0.0
1317355102.095098018,49.048866539803,8.3942958489549,113.22539520264,0.0
1317355102.305119991,49.048880160129,8.3943179365845,113.21280670166,0.0
1317355102.515317916,49.048894036743,8.3943407148447,113.21148681641,0.0
1317355102.725087881,49.048908144826,8.3943641570226,113.21730804443,0.0
1317355102.935126066,49.048922313355,8.3943882404265,113.20095825195,0.0
1317355103.145103931,49.048936478851,8.3944130162675,113.19052124023,0.0
1317355103.345139026,49.048949902869,8.3944370918453,113.18299102783,0.0
1317355103.555203914,49.048963890207,8.3944627078489,113.16683197021,0.0
1317355103.765078067,49.048977699354,8.3944887412859,113.15756225586,0.0
1317355103.975172996,49.048991219229,8.3945151880086,113.15254211426,0.0
1317355104.185072898,49.049004448871,8.3945418502227,113.14160919189,0.0
1317355104.395104885,49.049017435186,8.3945686422223,113.12296295166,0.0
1317355104.595087051,49.049029527559,8.3945941395817,113.09414672852,0.0
1317355104.805062055,49.04904219896,8.3946209069502,113.09484100342,0.0
1317355105.015356063,49.049054902306,8.3946475659483,113.08503723145,0.0
1317355105.225069046,49.049067555584,8.3946743134856,113.07022094727,0.0
1317355105.435041904,49.049080191929,8.3947011576797,113.0587387085,0.0
1317355105.635046005,49.049092308867,8.3947267847983,113.06851959229,0.0
1317355105.845151901,49.04910499864,8.394753739247,113.08080291748,0.0
1317355106.055098056,49.049117607671,8.3947806826942,113.08696746826,0.0
1317355106.265032052,49.049130204502,8.3948075701053,113.09789276123,0.0
1317355106.475246906,49.049142780013,8.3948343879459,113.11131286621,0.0
1317355106.675071001,49.049154601963,8.3948598150055,113.10874938965,0.0
1317355106.885031938,49.049166976035,8.3948862890825,113.1103515625,0.0
1317355107.095015048,49.049179343365,8.3949125531873,113.12239074707,0.0
1317355107.305007934,49.049191678387,8.3949385460927,113.12500762939,0.0
1317355107.515239953,49.049203989072,8.3949643311907,113.13098907471,0.0
1317355107.715008974,49.049215512544,8.3949888294547,113.12854003906,0.0
1317355107.924992084,49.049227285114,8.3950145998161,113.10385894775,0.0
1317355108.135006904,49.049238707812,8.3950407334098,113.11142730713,0.0
1317355108.345118045,49.049249699446,8.3950671877361,113.10161590576,0.0
1317355108.555032014,49.049260281884,8.395093880973,113.08660888672,0.0
1317355108.764991044,49.049270638838,8.3951208270157,113.08938598633,0.0
1317355108.965167999,49.049280360958,8.395146456307,113.06428527832,0.0
1317355109.174956083,49.049290392928,8.3951735613582,113.06516265869,0.0
1317355109.384959936,49.049300255881,8.3952007988167,113.07404327393,0.0
1317355109.594964981,49.049310125364,8.3952280489836,113.07537078857,0.0
1317355109.804970026,49.049320019514,8.3952552574998,113.06320953369,0.0
1317355110.015269041,49.049329695624,8.3952825588147,113.05196380615,0.0
1317355110.214953899,49.049338634743,8.3953088701585,113.08555603027,0.0
1317355110.424959897,49.049347788754,8.3953366739552,113.10717773438,0.0
1317355110.635003089,49.049356649109,8.3953646755147,113.12168884277,0.0
1317355110.845007896,49.049365172527,8.3953929221291,113.13453674316,0.0
1317355111.054980993,49.049373426665,8.3954214112012,113.14964294434,0.0
1317355111.264951944,49.049381413258,8.3954500935281,113.15799713135,0.0
1317355111.465023994,49.049388764685,8.395477510821,113.16300201416,0.0
1317355111.674904108,49.049396326567,8.3955062825362,113.17070007324,0.0
1317355111.884903907,49.049403808277,8.3955350027332,113.1826171875,0.0
1317355112.094909906,49.049411106528,8.3955636509115,113.17133331299,0.0
1317355112.304944038,49.04941824483,8.3955922507996,113.16283416748,0.0
1317355112.504910945,49.049424938548,8.3956194488303,113.15133666992,0.0
1317355112.714859008,49.049431895053,8.3956479192542,113.13459014893,0.0
1317355112.924875974,49.049438743206,8.3956763472848,113.12552642822,0.0
1317355113.134887933,49.049445456088,8.3957047602516,113.11692047119,0.0
1317355113.344885110,49.049452058449,8.3957330544259,113.10049438477,0.0
1317355113.544970035,49.04945826776,8.3957599107019,113.09417724609,0.0
1317355113.754928112,49.049464711244,8.3957880225034,113.08997344971,0.0
1317355113.965035915,49.049471042553,8.3958159825316,113.07542419434,0.0
1317355114.174865961,49.04947725246,8.395843815802,113.06490325928,0.0
1317355114.384882926,49.049483353344,8.395871527696,113.06336975098,0.0
1317355114.594921112,49.049489355135,8.3958991513363,113.07122802734,0.0
1317355114.794872999,49.049494898374,8.3959253452911,113.0739440918,0.0
1317355115.005031108,49.049500537614,8.3959526858622,113.07287597656,0.0
1317355115.214857101,49.049506077194,8.3959798981835,113.08486938477,0.0
1317355115.424843072,49.049511465472,8.3960069610912,113.10189056396,0.0
1317355115.634845972,49.049516745798,8.3960338067658,113.11229705811,0.0
1317355115.944936990,49.049524292383,8.3960727667287,113.11810302734,0.0
1317355116.254820108,49.049531478792,8.3961104953408,113.13609313965,0.0
1317355116.564851999,49.049538289766,8.3961467941081,113.14928436279,0.0
1317355116.874855041,49.049544753499,8.3961818335041,113.16030883789,0.0
1317355117.194816112,49.049550989074,8.3962161158864,113.13869476318,0.0
1317355117.504848003,49.04955655781,8.3962470568102,113.12085723877,0.0
1317355117.814783096,49.049561646601,8.3962757706298,113.12390899658,0.0
1317355118.124798059,49.04956643342,8.3963023563346,113.12071990967,0.0
1317355118.544929981,49.049572333757,8.3963352351913,113.10455322266,0.0
1317355118.964936017,49.049577288394,8.3963645725073,113.11029815674,0.0
1317355119.484919071,49.049582306975,8.3963942787759,113.11477661133,0.0
1317355120.214761972,49.049587280736,8.3964237541017,113.13529968262,0.0
1317355121.144740104,49.049593338096,8.3964514146534,113.16887664795,0.0
1317355130.104542016,49.049601595129,8.3964767930863,113.21772766113,0.0
1317355130.834501028,49.049615748421,8.3965012476735,113.24613952637,0.0
1317355131.354597091,49.049632849554,8.3965183512772,113.23242950439,0.0
1317355131.774533033,49.049651853013,8.3965292233809,113.19687652588,0.0
1317355132.184499979,49.049674806573,8.3965360900399,113.1446762085,0.0
1317355132.504599094,49.049695265752,8.3965382028433,113.10235595703,0.0
1317355132.814492940,49.049716858251,8.3965370683122,113.06438446045,0.0
1317355133.124506950,49.049740121911,8.3965329051663,113.04744720459,0.0
1317355133.444677114,49.04976585092,8.3965263436614,113.04399871826,0.0
1317355133.754458904,49.049792501619,8.3965187367384,113.04091644287,0.0
1317355133.964704990,49.049811574449,8.3965132502355,113.03518676758,0.0
1317355134.174465894,49.049831384668,8.3965075861433,113.03616333008,0.0
1317355134.374495029,49.049850704938,8.3965019743923,113.02687072754,0.0
1317355134.584471940,49.049871098462,8.3964959796927,113.01537322998,0.0
1317355134.794433116,49.049891491046,8.3964899114251,113.00531005859,0.0
1317355135.004664897,49.049911844636,8.3964837183369,112.99258422852,0.0
1317355135.214433908,49.049932136251,8.3964774287834,112.98616027832,0.0
1317355135.424448013,49.049952418327,8.3964710970106,112.99134063721,0.0
1317355135.624435901,49.049971628751,8.3964651093949,112.98206329346,0.0
1317355135.834520101,49.049991673366,8.3964588221639,112.97406768799,0.0
1317355136.044668912,49.05001163037,8.3964526315568,112.9741973877,0.0
1317355136.254450082,49.050031539114,8.3964464985241,112.98961639404,0.0
1317355136.464644908,49.050051389629,8.3964403595076,112.99600219727,0.0
1317355136.674488067,49.050071110669,8.3964343276001,112.97602844238,0.0
1317355136.874447107,49.050089787751,8.3964285512165,112.96811676025,0.0
1317355137.084378004,49.05010935452,8.3964224756555,112.98046875,0.0
1317355137.294409990,49.050128824073,8.3964164411257,112.9928894043,0.0
1317355137.504443883,49.050148203425,8.396410511613,112.99631500244,0.0
1317355137.714400053,49.05016747996,8.3964045814147,112.99789428711,0.0
1317355137.924360036,49.050186622328,8.3963986543434,112.9914855957,0.0
1317355138.124365091,49.050204747449,8.3963929595711,112.98983001709,0.0
1317355138.334378957,49.05022370697,8.3963869449555,112.99761199951,0.0
1317355138.544579029,49.050242537565,8.3963808889377,112.98692321777,0.0
1317355138.754333019,49.050261285682,8.396374840647,112.969871521,0.0
1317355138.964721918,49.050279926505,8.396368786974,112.95643615723,0.0
1317355139.174348115,49.050298495447,8.3963627152449,112.94635772705,0.0
1317355139.374366998,49.05031608392,8.3963569417432,112.93147277832,0.0
1317355139.584335088,49.050334481652,8.396350984321,112.91631317139,0.0
1317355139.794410943,49.050352808216,8.3963451114308,112.90608215332,0.0
1317355140.004542112,49.050371057942,8.3963392921449,112.89067077637,0.0
1317355140.214353084,49.050389227679,8.3963336373621,112.87169647217,0.0
1317355140.424351930,49.050407287107,8.396328120347,112.86074066162,0.0
1317355140.734369993,49.050433962451,8.3963201931055,112.88566589355,0.0
1317355140.944497108,49.050451865686,8.3963151597766,112.87143707275,0.0
1317355141.254343032,49.050478173789,8.3963079674401,112.87743377686,0.0
1317355141.464520931,49.050496164919,8.3963030185099,112.9084854126,0.0
1317355141.674314022,49.050514408835,8.3962979971909,112.93018341064,0.0
1317355141.984428882,49.050541940843,8.3962904250348,112.91907501221,0.0
1317355142.194350957,49.05056101805,8.3962850921706,112.88303375244,0.0
1317355142.394329071,49.050579436346,8.3962798616768,112.84394836426,0.0
1317355142.604312896,49.050599007257,8.3962742326272,112.82308959961,0.0
1317355142.814301013,49.0506189087,8.3962684309762,112.84690856934,0.0
1317355143.024538040,49.050639083885,8.3962625213142,112.85731506348,0.0
1317355143.234272956,49.050659467586,8.3962564819477,112.85802459717,0.0
1317355143.444478988,49.050680001792,8.3962503011744,112.87347412109,0.0
1317355143.644293069,49.050699533417,8.3962442960273,112.87905883789,0.0
1317355143.854290008,49.050719949715,8.396237935037,112.88256072998,0.0
1317355144.064300060,49.050740298812,8.3962314914385,112.88730621338,0.0
1317355144.274256944,49.050760533637,8.3962249914534,112.88417053223,0.0
1317355144.484350919,49.05078066207,8.3962185299335,112.88274383545,0.0
1317355144.694267034,49.05080071087,8.3962121296536,112.88807678223,0.0
1317355144.894273042,49.05081963013,8.3962059282141,112.87173461914,0.0
1317355145.104259014,49.050839274474,8.39619941342,112.85848999023,0.0
1317355145.314322948,49.050858617073,8.3961930293701,112.86893463135,0.0
1317355145.524323940,49.050877615987,8.3961868733601,112.88020324707,0.0
1317355145.734239101,49.050896406464,8.3961808480725,112.88845062256,0.0
1317355145.944386005,49.050914983523,8.3961749669435,112.89405822754,0.0
1317355146.254173040,49.050941997953,8.396166626573,112.89543914795,0.0
1317355146.464390993,49.050960111948,8.396161129833,112.89538574219,0.0
1317355146.674200057,49.050978101456,8.3961558369159,112.90560913086,0.0
1317355146.984456062,49.051004557561,8.3961480765335,112.88893890381,0.0
1317355147.194214105,49.051022580637,8.396142731327,112.89161682129,0.0
1317355147.504214048,49.051049448388,8.3961348752273,112.89549255371,0.0
1317355147.714262008,49.051067871694,8.3961294615593,112.89475250244,0.0
1317355147.914186954,49.051085610432,8.3961241510417,112.8787612915,0.0
1317355148.124208927,49.051104347443,8.3961183640897,112.82749176025,0.0
1317355148.334240913,49.051123316578,8.3961123703049,112.78874206543,0.0
1317355148.544388055,49.051142579677,8.3961062484821,112.7787399292,0.0
1317355148.754142045,49.051162094532,8.3961002434137,112.78065490723,0.0
1317355148.964324951,49.051181844128,8.3960941194936,112.78740692139,0.0
1317355149.164129972,49.051200798342,8.3960881729053,112.79386138916,0.0
1317355149.374165058,49.051220778432,8.3960820369797,112.79518890381,0.0
1317355149.584147930,49.051240697581,8.3960760052054,112.79001617432,0.0
1317355149.794147968,49.051260594541,8.3960700084008,112.81310272217,0.0
1317355150.004303932,49.051280371191,8.3960639891486,112.81701660156,0.0
1317355150.214132070,49.051300065075,8.396058082653,112.82640838623,0.0
1317355150.414135932,49.051318684426,8.3960525187438,112.82977294922,0.0
1317355150.624147891,49.051338018864,8.3960467032291,112.83584594727,0.0
1317355150.834211111,49.051356941382,8.3960410136153,112.8293838501,0.0
1317355151.044193983,49.05137524744,8.3960355132516,112.82290649414,0.0
1317355151.254141092,49.051392897195,8.3960301363128,112.81744384766,0.0
1317355151.564133882,49.051418144418,8.3960225421818,112.83432769775,0.0
1317355151.874126911,49.051442900406,8.3960151879137,112.84152984619,0.0
1317355152.194111108,49.05146819247,8.3960077749155,112.859375,0.0
1317355152.504153966,49.051492548615,8.3960007836183,112.87406921387,0.0
1317355152.814110040,49.051516884965,8.3959938454534,112.88447570801,0.0
1317355153.124125957,49.051541274511,8.3959871430256,112.88773345947,0.0
1317355153.444268941,49.051566669283,8.3959799322256,112.95140838623,0.0
1317355153.754029989,49.051591661524,8.3959718781179,112.99074554443,0.0
1317355154.064121007,49.051617203138,8.3959628124588,112.95362854004,0.0
1317355154.274063110,49.05163496047,8.3959564312867,112.92993927002,0.0
1317355154.484226942,49.051653151348,8.3959501510766,112.91636657715,0.0
1317355154.694057941,49.051671752158,8.3959438952688,112.9019241333,0.0
1317355154.904062986,49.051690771916,8.3959374155873,112.90837860107,0.0
1317355155.103991031,49.05170932842,8.3959310947996,112.92458343506,0.0
1317355155.314011096,49.051729303418,8.395924410296,112.91976928711,0.0
1317355155.524027109,49.051749694001,8.3959177474761,112.90542602539,0.0
1317355155.734018087,49.051770426194,8.3959110555499,112.91443634033,0.0
1317355155.944224119,49.051791322299,8.3959042904641,112.92376708984,0.0
1317355156.153992891,49.051812163466,8.3958975997418,112.91749572754,0.0
1317355156.354062080,49.051831905533,8.3958912415669,112.91084289551,0.0
1317355156.564037084,49.051852530635,8.3958846701897,112.91049194336,0.0
1317355156.774019002,49.051873084446,8.3958782113084,112.93253326416,0.0
1317355156.984227895,49.051893569693,8.395871727051,112.95476531982,0.0
1317355157.194039106,49.05191382302,8.3958652322142,112.9479675293,0.0
1317355157.404021024,49.051933881376,8.3958587884163,112.96437072754,0.0
1317355157.604125022,49.05195267887,8.3958529200635,112.98194885254,0.0
1317355157.813993930,49.051971945403,8.3958467823287,112.98891448975,0.0
1317355158.024050951,49.051990662372,8.3958406857031,112.98368835449,0.0
1317355158.233984947,49.052008839628,8.3958347446579,112.99057769775,0.0
1317355158.444062948,49.052026435055,8.3958289229327,112.99924468994,0.0
1317355158.754008054,49.052051277078,8.3958205158234,112.96871185303,0.0
1317355159.063993930,49.052075709059,8.3958122409879,112.93802642822,0.0
1317355159.373970031,49.052099939698,8.3958040551988,112.90460968018,0.0
1317355159.693947076,49.052124798826,8.3957957326153,112.87567138672,0.0
1317355160.004086017,49.052149053111,8.3957879076737,112.89138031006,0.0
1317355160.313982009,49.052173679547,8.3957805196655,112.89312744141,0.0
1317355160.623930931,49.0521988523,8.3957733205011,112.87475585938,0.0
1317355160.944104909,49.052225582436,8.3957660831325,112.82662963867,0.0
1317355161.154005050,49.052243695,8.3957614987108,112.81746673584,0.0
1317355161.464013099,49.052270997399,8.3957550029579,112.78568267822,0.0
1317355161.673916101,49.052289948567,8.3957507148162,112.81144714355,0.0
1317355161.883923053,49.052309123954,8.3957466487767,112.80663299561,0.0
1317355162.083903074,49.052327643037,8.395742976447,112.80754089355,0.0
1317355162.293872117,49.052347380637,8.395739285594,112.82375335693,0.0
1317355162.503930091,49.052367397713,8.3957357788964,112.83819580078,0.0
1317355162.713963985,49.052387680632,8.3957325700548,112.82696533203,0.0
1317355162.923858880,49.052408211588,8.3957296965758,112.80596160889,0.0
1317355163.133889913,49.052429011581,8.3957268488447,112.78918457031,0.0
1317355163.333890914,49.052449126995,8.3957241088256,112.7947769165,0.0
1317355163.544050931,49.052470632187,8.3957212060752,112.79923248291,0.0
1317355163.753850936,49.052492396329,8.3957182256089,112.81995391846,0.0
1317355163.964019060,49.052514174697,8.3957152873393,112.84322357178,0.0
1317355164.173855066,49.052535907309,8.3957122283479,112.86628723145,0.0
1317355164.373840093,49.052556437434,8.3957092462171,112.86934661865,0.0
1317355164.583838939,49.052577904814,8.3957060301978,112.8968963623,0.0
1317355164.793823003,49.052599259997,8.3957027734775,112.92864990234,0.0
1317355165.004055976,49.052620424403,8.3956993776976,112.95702362061,0.0
1317355165.213815927,49.052641443889,8.3956958871311,112.99201202393,0.0
1317355165.423831939,49.052662243316,8.3956924185422,113.01624298096,0.0
1317355165.623842954,49.052681886785,8.3956891230459,113.04391479492,0.0
1317355165.833901882,49.052702369957,8.3956854859768,113.07624053955,0.0
1317355166.043879032,49.052722598875,8.3956817399422,113.06034088135,0.0
1317355166.253838062,49.05274260895,8.3956779424791,113.0415725708,0.0
1317355166.463954925,49.052762496495,8.3956741676186,113.05387878418,0.0
1317355166.673922061,49.052782157001,8.3956704569575,113.05303955078,0.0
1317355166.873855113,49.052800530615,8.3956669211516,113.04696655273,0.0
